,,,,
№,Дата,Статус,ФИО,Номер
1,01/03/24 10:00,Свободно,,
2,01/03/24 12:00,Свободно,,
3,01/03/24 14:00,Свободно,,
4,01/03/24 16:00,Свободно,,
5,02/03/24 10:00,Свободно,,
6,02/03/24 12:00,Свободно,,
7,02/03/24 14:00,Свободно,,
8,02/03/24 16:00,Свободно,,
9,03/03/24 10:00,Свободно,,
10,03/03/24 12:00,Свободно,,
11,03/03/24 14:00,Свободно,,
12,03/03/24 16:00,Свободно,,
13,04/03/24 10:00,Свободно,,
14,04/03/24 12:00,Свободно,,
15,04/03/24 14:00,Свободно,,
16,04/03/24 16:00,Свободно,,
17,05/03/24 10:00,Свободно,,
18,05/03/24 12:00,Свободно,,
19,05/03/24 14:00,Свободно,,
20,05/03/24 16:00,Свободно,,
21,06/03/24 10:00,Свободно,,
22,06/03/24 12:00,Свободно,,
23,06/03/24 14:00,Свободно,,
24,06/03/24 16:00,Свободно,,
25,07/03/24 10:00,Свободно,,
26,07/03/24 12:00,Свободно,,
27,07/03/24 14:00,Свободно,,
28,07/03/24 16:00,Свободно,,
29,08/03/24 10:00,Свободно,,
30,08/03/24 12:00,Свободно,,
31,08/03/24 14:00,Свободно,,
32,08/03/24 16:00,Свободно,,
33,09/03/24 10:00,Свободно,,
34,09/03/24 12:00,Свободно,,
35,09/03/24 14:00,Свободно,,
36,09/03/24 16:00,Свободно,,
37,10/03/24 10:00,Свободно,,
38,10/03/24 12:00,Свободно,,
39,10/03/24 14:00,Свободно,,
40,10/03/24 16:00,Свободно,,
41,11/03/24 10:00,Свободно,,
42,11/03/24 12:00,Свободно,,
43,11/03/24 14:00,Свободно,,
44,11/03/24 16:00,Свободно,,
45,12/03/24 10:00,Свободно,,
46,12/03/24 12:00,Свободно,,
47,12/03/24 14:00,Свободно,,
48,12/03/24 16:00,Свободно,,
49,13/03/24 10:00,Свободно,,
50,13/03/24 12:00,Свободно,,
51,13/03/24 14:00,Свободно,,
52,13/03/24 16:00,Свободно,,
53,14/03/24 10:00,Свободно,,
54,14/03/24 12:00,Свободно,,
55,14/03/24 14:00,Свободно,,
56,14/03/24 16:00,Свободно,,
57,15/03/24 10:00,Свободно,,
58,15/03/24 12:00,Свободно,,
59,15/03/24 14:00,Свободно,,
60,15/03/24 16:00,Свободно,,
61,16/03/24 10:00,Свободно,,
62,16/03/24 12:00,Свободно,,
63,16/03/24 14:00,Свободно,,
64,16/03/24 16:00,Свободно,,
65,17/03/24 10:00,Свободно,,
66,17/03/24 12:00,Свободно,,
67,17/03/24 14:00,Свободно,,
68,17/03/24 16:00,Свободно,,
69,18/03/24 10:00,Свободно,,
70,18/03/24 12:00,Свободно,,
71,18/03/24 14:00,Свободно,,
72,18/03/24 16:00,Свободно,,
73,19/03/24 10:00,Свободно,,
74,19/03/24 12:00,Свободно,,
75,19/03/24 14:00,Свободно,,
76,19/03/24 16:00,Свободно,,
77,20/03/24 10:00,Свободно,,
78,20/03/24 12:00,Свободно,,
79,20/03/24 14:00,Свободно,,
80,20/03/24 16:00,Свободно,,
81,21/03/24 10:00,Свободно,,
82,21/03/24 12:00,Свободно,,
83,21/03/24 14:00,Свободно,,
84,21/03/24 16:00,Свободно,,
85,22/03/24 10:00,Свободно,,
86,22/03/24 12:00,Свободно,,
87,22/03/24 14:00,Свободно,,
88,22/03/24 16:00,Свободно,,
89,23/03/24 10:00,Свободно,,
90,23/03/24 12:00,Свободно,,
91,23/03/24 14:00,Свободно,,
92,23/03/24 16:00,Свободно,,
93,24/03/24 10:00,Свободно,,
94,24/03/24 12:00,Свободно,,
95,24/03/24 14:00,Свободно,,
96,24/03/24 16:00,Свободно,,
97,25/03/24 10:00,Свободно,,
98,25/03/24 12:00,Свободно,,
99,25/03/24 14:00,Свободно,,
100,25/03/24 16:00,Свободно,,
101,26/03/24 10:00,Свободно,,
102,26/03/24 12:00,Свободно,,
103,26/03/24 14:00,Свободно,,
104,26/03/24 16:00,Свободно,,
105,27/03/24 10:00,Свободно,,
106,27/03/24 12:00,Свободно,,
107,27/03/24 14:00,Свободно,,
108,27/03/24 16:00,Свободно,,
109,28/03/24 10:00,Свободно,,
110,28/03/24 12:00,Свободно,,
111,28/03/24 14:00,Свободно,,
112,28/03/24 16:00,Свободно,,
113,29/03/24 10:00,Свободно,,
114,29/03/24 12:00,Свободно,,
115,29/03/24 14:00,Свободно,,
116,29/03/24 16:00,Свободно,,
117,30/03/24 10:00,Свободно,,
118,30/03/24 12:00,Свободно,,
119,30/03/24 14:00,Свободно,,
120,30/03/24 16:00,Свободно,,
121,31/03/24 10:00,Свободно,,
122,31/03/24 12:00,Свободно,,
123,31/03/24 14:00,Свободно,,
124,31/03/24 16:00,Свободно,,
125,01/04/24 10:00,Свободно,,
126,01/04/24 12:00,Свободно,,
127,01/04/24 14:00,Свободно,,
128,01/04/24 16:00,Свободно,,
129,02/04/24 10:00,Свободно,,
130,02/04/24 12:00,Свободно,,
131,02/04/24 14:00,Свободно,,
132,02/04/24 16:00,Свободно,,
133,04/04/24 10:00,Свободно,,
134,04/04/24 12:00,Свободно,,
135,04/04/24 14:00,Свободно,,
136,04/04/24 16:00,Свободно,,
137,04/04/24 10:00,Свободно,,
138,04/04/24 12:00,Свободно,,
139,04/04/24 14:00,Свободно,,
140,04/04/24 16:00,Свободно,,
141,05/04/24 10:00,Свободно,,
142,05/04/24 12:00,Свободно,,
143,05/04/24 14:00,Свободно,,
144,05/04/24 16:00,Свободно,,
145,06/04/24 10:00,Свободно,,
146,06/04/24 12:00,Свободно,,
147,06/04/24 14:00,Свободно,,
148,06/04/24 16:00,Свободно,,
149,07/04/24 10:00,Свободно,,
150,07/04/24 12:00,Свободно,,
151,07/04/24 14:00,Свободно,,
152,07/04/24 16:00,Свободно,,
153,08/04/24 10:00,Свободно,,
154,08/04/24 12:00,Свободно,,
155,08/04/24 14:00,Свободно,,
156,08/04/24 16:00,Свободно,,
157,09/04/24 10:00,Свободно,,
158,09/04/24 12:00,Свободно,,
159,09/04/24 14:00,Свободно,,
160,09/04/24 16:00,Свободно,,
161,10/04/24 10:00,Свободно,,
162,10/04/24 12:00,Свободно,,
163,10/04/24 14:00,Свободно,,
164,10/04/24 16:00,Свободно,,
165,11/04/24 10:00,Свободно,,
166,11/04/24 12:00,Свободно,,
167,11/04/24 14:00,Свободно,,
168,11/04/24 16:00,Свободно,,
169,12/04/24 10:00,Свободно,,
170,12/04/24 12:00,Свободно,,
171,12/04/24 14:00,Свободно,,
172,12/04/24 16:00,Свободно,,
173,13/04/24 10:00,Свободно,,
174,13/04/24 12:00,Свободно,,
175,13/04/24 14:00,Свободно,,
176,13/04/24 16:00,Свободно,,
177,14/04/24 10:00,Свободно,,
178,14/04/24 12:00,Свободно,,
179,14/04/24 14:00,Свободно,,
180,14/04/24 16:00,Свободно,,
181,15/04/24 10:00,Свободно,,
182,15/04/24 12:00,Свободно,,
183,15/04/24 14:00,Свободно,,
184,15/04/24 16:00,Свободно,,
185,16/04/24 10:00,Свободно,,
186,16/04/24 12:00,Свободно,,
187,16/04/24 14:00,Свободно,,
188,16/04/24 16:00,Свободно,,
189,17/04/24 10:00,Свободно,,
190,17/04/24 12:00,Свободно,,
191,17/04/24 14:00,Свободно,,
192,17/04/24 16:00,Свободно,,
193,18/04/24 10:00,Свободно,,
194,18/04/24 12:00,Свободно,,
195,18/04/24 14:00,Свободно,,
196,18/04/24 16:00,Свободно,,
197,19/04/24 10:00,Свободно,,
198,19/04/24 12:00,Свободно,,
199,19/04/24 14:00,Свободно,,
200,19/04/24 16:00,Свободно,,
201,20/04/24 10:00,Свободно,,
202,20/04/24 12:00,Свободно,,
203,20/04/24 14:00,Свободно,,
204,20/04/24 16:00,Свободно,,
205,21/04/24 10:00,Свободно,,
206,21/04/24 12:00,Свободно,,
207,21/04/24 14:00,Свободно,,
208,21/04/24 16:00,Свободно,,
209,22/04/24 10:00,Свободно,,
210,22/04/24 12:00,Свободно,,
211,22/04/24 14:00,Свободно,,
212,22/04/24 16:00,Свободно,,
213,23/04/24 10:00,Свободно,,
214,23/04/24 12:00,Свободно,,
215,23/04/24 14:00,Свободно,,
216,23/04/24 16:00,Свободно,,
217,24/04/24 10:00,Свободно,,
218,24/04/24 12:00,Свободно,,
219,24/04/24 14:00,Свободно,,
220,24/04/24 16:00,Свободно,,
221,25/04/24 10:00,Свободно,,
222,25/04/24 12:00,Свободно,,
223,25/04/24 14:00,Свободно,,
224,25/04/24 16:00,Свободно,,
225,26/04/24 10:00,Свободно,,
226,26/04/24 12:00,Свободно,,
227,26/04/24 14:00,Свободно,,
228,26/04/24 16:00,Свободно,,
229,27/04/24 10:00,Свободно,,
230,27/04/24 12:00,Свободно,,
231,27/04/24 14:00,Свободно,,
232,27/04/24 16:00,Свободно,,
233,28/04/24 10:00,Свободно,,
234,28/04/24 12:00,Свободно,,
235,28/04/24 14:00,Свободно,,
236,28/04/24 16:00,Свободно,,
237,29/04/24 10:00,Свободно,,
238,29/04/24 12:00,Свободно,,
239,29/04/24 14:00,Свободно,,
240,29/04/24 16:00,Свободно,,
241,30/04/24 10:00,Свободно,,
242,30/04/24 12:00,Свободно,,
243,30/04/24 14:00,Свободно,,
244,30/04/24 16:00,Свободно,,
245,01/05/24 10:00,Свободно,,
246,01/05/24 12:00,Свободно,,
247,01/05/24 14:00,Свободно,,
248,01/05/24 16:00,Свободно,,
249,02/05/24 10:00,Свободно,,
250,02/05/24 12:00,Свободно,,
251,02/05/24 14:00,Свободно,,
252,02/05/24 16:00,Свободно,,
253,05/05/24 10:00,Свободно,,
254,05/05/24 12:00,Свободно,,
255,05/05/24 14:00,Свободно,,
256,05/05/24 16:00,Свободно,,
257,04/05/24 10:00,Свободно,,
258,04/05/24 12:00,Свободно,,
259,04/05/24 14:00,Свободно,,
260,04/05/24 16:00,Свободно,,
261,05/05/24 10:00,Свободно,,
262,05/05/24 12:00,Свободно,,
263,05/05/24 14:00,Свободно,,
264,05/05/24 16:00,Свободно,,
265,06/05/24 10:00,Свободно,,
266,06/05/24 12:00,Свободно,,
267,06/05/24 14:00,Свободно,,
268,06/05/24 16:00,Свободно,,
269,07/05/24 10:00,Свободно,,
270,07/05/24 12:00,Свободно,,
271,07/05/24 14:00,Свободно,,
272,07/05/24 16:00,Свободно,,
273,08/05/24 10:00,Свободно,,
274,08/05/24 12:00,Свободно,,
275,08/05/24 14:00,Свободно,,
276,08/05/24 16:00,Свободно,,
277,09/05/24 10:00,Свободно,,
278,09/05/24 12:00,Свободно,,
279,09/05/24 14:00,Свободно,,
280,09/05/24 16:00,Свободно,,
281,10/05/24 10:00,Свободно,,
282,10/05/24 12:00,Свободно,,
283,10/05/24 14:00,Свободно,,
284,10/05/24 16:00,Свободно,,
285,11/05/24 10:00,Свободно,,
286,11/05/24 12:00,Свободно,,
287,11/05/24 14:00,Свободно,,
288,11/05/24 16:00,Свободно,,
289,12/05/24 10:00,Свободно,,
290,12/05/24 12:00,Свободно,,
291,12/05/24 14:00,Свободно,,
292,12/05/24 16:00,Свободно,,
293,13/05/24 10:00,Свободно,,
294,13/05/24 12:00,Свободно,,
295,13/05/24 14:00,Свободно,,
296,13/05/24 16:00,Свободно,,
297,14/05/24 10:00,Свободно,,
298,14/05/24 12:00,Свободно,,
299,14/05/24 14:00,Свободно,,
300,14/05/24 16:00,Свободно,,
301,15/05/24 10:00,Свободно,,
302,15/05/24 12:00,Свободно,,
303,15/05/24 14:00,Свободно,,
304,15/05/24 16:00,Свободно,,
305,16/05/24 10:00,Свободно,,
306,16/05/24 12:00,Свободно,,
307,16/05/24 14:00,Свободно,,
308,16/05/24 16:00,Свободно,,
309,17/05/24 10:00,Свободно,,
310,17/05/24 12:00,Свободно,,
311,17/05/24 14:00,Свободно,,
312,17/05/24 16:00,Свободно,,
313,18/05/24 10:00,Свободно,,
314,18/05/24 12:00,Свободно,,
315,18/05/24 14:00,Свободно,,
316,18/05/24 16:00,Свободно,,
317,19/05/24 10:00,Свободно,,
318,19/05/24 12:00,Свободно,,
319,19/05/24 14:00,Свободно,,
320,19/05/24 16:00,Свободно,,
321,20/05/24 10:00,Свободно,,
322,20/05/24 12:00,Свободно,,
323,20/05/24 14:00,Свободно,,
324,20/05/24 16:00,Свободно,,
325,21/05/24 10:00,Свободно,,
326,21/05/24 12:00,Свободно,,
327,21/05/24 14:00,Свободно,,
328,21/05/24 16:00,Свободно,,
329,22/05/24 10:00,Свободно,,
330,22/05/24 12:00,Свободно,,
331,22/05/24 14:00,Свободно,,
332,22/05/24 16:00,Свободно,,
333,23/05/24 10:00,Свободно,,
334,23/05/24 12:00,Свободно,,
335,23/05/24 14:00,Свободно,,
336,23/05/24 16:00,Свободно,,
337,24/05/24 10:00,Свободно,,
338,24/05/24 12:00,Свободно,,
339,24/05/24 14:00,Свободно,,
340,24/05/24 16:00,Свободно,,
341,25/05/24 10:00,Свободно,,
342,25/05/24 12:00,Свободно,,
343,25/05/24 14:00,Свободно,,
344,25/05/24 16:00,Свободно,,
345,26/05/24 10:00,Свободно,,
346,26/05/24 12:00,Свободно,,
347,26/05/24 14:00,Свободно,,
348,26/05/24 16:00,Свободно,,
349,27/05/24 10:00,Свободно,,
350,27/05/24 12:00,Свободно,,
351,27/05/24 14:00,Свободно,,
352,27/05/24 16:00,Свободно,,
353,28/05/24 10:00,Свободно,,
354,28/05/24 12:00,Свободно,,
355,28/05/24 14:00,Свободно,,
356,28/05/24 16:00,Свободно,,
357,29/05/24 10:00,Свободно,,
358,29/05/24 12:00,Свободно,,
359,29/05/24 14:00,Свободно,,
360,29/05/24 16:00,Свободно,,
361,30/05/24 10:00,Свободно,,
362,30/05/24 12:00,Свободно,,
363,30/05/24 14:00,Свободно,,
364,30/05/24 16:00,Свободно,,
365,31/05/24 10:00,Свободно,,
366,31/05/24 12:00,Свободно,,
367,31/05/24 14:00,Свободно,,
368,31/05/24 16:00,Свободно,,